dataset,model,mechanism,rate,mean_accuracy,std_accuracy,mean_roc_auc,std_roc_auc,mean_brier,std_brier,mean_accuracy_change,mean_roc_auc_change,mean_brier_change,source_file,imputer,mean_ece,std_ece,mean_accuracy_change_vs_clean,mean_roc_auc_change_vs_clean,mean_brier_change_vs_clean,mean_ece_change_vs_clean,regime,variant
wdbc,gradient_boosting,mar,0.1,0.9630957925787922,0.0168656423250938,0.992793691520354,0.0071027824514225,0.0286273776600238,0.0134347348386028,0.0052786834342493,0.0020875468140453,-0.0002003236200433,wdbc_combined_model_mechanism_summary.csv,,,,,,,,,
wdbc,gradient_boosting,mar,0.2,0.971883247942866,0.0209380766719487,0.9939117694972592,0.0065724224811914,0.0260204421097027,0.0164109494789882,0.0140661387983231,0.0032056247909507,-0.0028072591703644,wdbc_combined_model_mechanism_summary.csv,,,,,,,,,
wdbc,gradient_boosting,mar,0.3,0.9560627231796304,0.0223647942937742,0.991603583603256,0.0079997671355358,0.0304898827610332,0.0166112778780888,-0.0017543859649123,0.0008974388969475,0.0016621814809661,wdbc_combined_model_mechanism_summary.csv,,,,,,,,,
wdbc,gradient_boosting,mar,0.5,0.9490451793199812,0.0243137458608983,0.9879508965940346,0.0072002578699452,0.0428852544544641,0.0196008318057617,-0.0087719298245614,-0.0027552481122739,0.0140575531743969,wdbc_combined_model_mechanism_summary.csv,,,,,,,,,
wdbc,gradient_boosting,mcar,0.1,0.9630957925787922,0.0318660327478144,0.9918172904784436,0.0090424583107396,0.0306023466302442,0.0199859613718525,0.0052786834342493,0.0011111457721349,0.001774645350177,wdbc_combined_model_mechanism_summary.csv,,,,,,,,,
wdbc,gradient_boosting,mcar,0.2,0.9630802670392796,0.0200378425618283,0.990223858222548,0.0092529107695045,0.0314666123660265,0.0191155629844915,0.0052631578947368,-0.0004822864837604,0.0026389110859593,wdbc_combined_model_mechanism_summary.csv,,,,,,,,,
wdbc,gradient_boosting,mcar,0.3,0.9525384257102936,0.0100647834957765,0.9893560761641338,0.0065289806915859,0.0388615136151457,0.0096484801597219,-0.0052786834342493,-0.0013500685421746,0.0100338123350785,wdbc_combined_model_mechanism_summary.csv,,,,,,,,,
wdbc,gradient_boosting,mcar,0.5,0.9367644775655954,0.0250449257876272,0.9793383037241536,0.0126896195472407,0.0528277159926108,0.0226345145740519,-0.0210526315789473,-0.0113678409821547,0.0240000147125436,wdbc_combined_model_mechanism_summary.csv,,,,,,,,,
wdbc,gradient_boosting,mnar,0.1,0.9613414066138798,0.0192046593639029,0.9931845378905648,0.0086559896093856,0.0290390449016464,0.0140841315755576,0.003524297469337,0.0024783931842562,0.0002113436215792,wdbc_combined_model_mechanism_summary.csv,,,,,,,,,
wdbc,gradient_boosting,mnar,0.2,0.9578171091445428,0.014426601656033,0.9913405497584992,0.0087845542503196,0.0312588658861274,0.0101575325787781,-4.440892098500626e-17,0.0006344050521908,0.0024311646060602,wdbc_combined_model_mechanism_summary.csv,,,,,,,,,
wdbc,gradient_boosting,mnar,0.3,0.9631113181183046,0.0113839635566481,0.9929188828058793,0.0050519735704138,0.028033928809298,0.0099336225582526,0.0052942089737618,0.0022127380995707,-0.0007937724707691,wdbc_combined_model_mechanism_summary.csv,,,,,,,,,
wdbc,gradient_boosting,mnar,0.5,0.9542928116752056,0.0169227846549851,0.9918715783070516,0.0071702898849513,0.0331020770836396,0.015764046769104,-0.003524297469337,0.0011654336007431,0.0042743758035724,wdbc_combined_model_mechanism_summary.csv,,,,,,,,,
wdbc,logistic_regression,mar,0.1,0.971914299021891,0.0189974183616069,0.9951193595682624,0.0059486491546563,0.0212408331936353,0.0099756321360317,-0.0035087719298245,-0.0002604775942476,0.0013554216933344,wdbc_combined_model_mechanism_summary.csv,,,,,,,,,
wdbc,logistic_regression,mar,0.2,0.971914299021891,0.0168509688611334,0.9935462040113204,0.006243387504384,0.0240438002537509,0.0107195858443382,-0.0035087719298245,-0.0018336331511896,0.00415838875345,wdbc_combined_model_mechanism_summary.csv,,,,,,,,,
wdbc,logistic_regression,mar,0.3,0.9701599130569788,0.0181674188809407,0.9937421037855036,0.0064727300947983,0.0240275025291333,0.0079909043004884,-0.0052631578947368,-0.0016377333770062,0.0041420910288324,wdbc_combined_model_mechanism_summary.csv,,,,,,,,,
wdbc,logistic_regression,mar,0.5,0.9613879832324173,0.0191882258914508,0.9930043005665344,0.0045583141782813,0.0281244167315805,0.0095199850668977,-0.0140350877192982,-0.0023755365959754,0.0082390052312797,wdbc_combined_model_mechanism_summary.csv,,,,,,,,,
wdbc,logistic_regression,mcar,0.1,0.9683744760130416,0.0132806448718135,0.9938593230355433,0.0076020686547237,0.0243150630334022,0.0088166768678624,-0.0070485949386741,-0.0015205141269667,0.0044296515331013,wdbc_combined_model_mechanism_summary.csv,,,,,,,,,
wdbc,logistic_regression,mcar,0.2,0.9631113181183046,0.0156529471835063,0.9925444787588582,0.0066499408770146,0.0270788558396077,0.0072095511100851,-0.0123117528334109,-0.0028353584036518,0.0071934443393068,wdbc_combined_model_mechanism_summary.csv,,,,,,,,,
wdbc,logistic_regression,mcar,0.3,0.9525694767893184,0.0170443626752541,0.9910802021430912,0.0049330195387969,0.0357848586717993,0.0091205002830764,-0.0228535941623971,-0.0042996350194187,0.0158994471714985,wdbc_combined_model_mechanism_summary.csv,,,,,,,,,
wdbc,logistic_regression,mcar,0.5,0.9402421984163948,0.01303144554325,0.9868243050031456,0.0082185166775171,0.0434635543159504,0.0128469117465455,-0.0351808725353206,-0.0085555321593644,0.0235781428156496,wdbc_combined_model_mechanism_summary.csv,,,,,,,,,
wdbc,logistic_regression,mnar,0.1,0.9701443875174662,0.0132675932178397,0.9957117597921724,0.0059722826785336,0.0222039577439182,0.0079269367630861,-0.0052786834342493,0.0003319226296625,0.0023185462436174,wdbc_combined_model_mechanism_summary.csv,,,,,,,,,
wdbc,logistic_regression,mnar,0.2,0.9754230709517157,0.01567220354891,0.9940708852598796,0.0066368784880348,0.0225787297575027,0.011174225335873,0.0,-0.0013089519026302,0.0026933182572018,wdbc_combined_model_mechanism_summary.csv,,,,,,,,,
wdbc,logistic_regression,mnar,0.3,0.9684055270920664,0.0170737704652634,0.9932742016266418,0.0069995561525163,0.0237726697981462,0.0087431290993096,-0.0070175438596491,-0.002105635535868,0.0038872582978453,wdbc_combined_model_mechanism_summary.csv,,,,,,,,,
wdbc,logistic_regression,mnar,0.5,0.9631423691973297,0.0168408633745767,0.992941629102782,0.0060856432600122,0.0251067112015549,0.0101659946777612,-0.0122807017543859,-0.0024382080597278,0.0052212997012541,wdbc_combined_model_mechanism_summary.csv,,,,,,,,,
wdbc,random_forest,mar,0.1,0.95960254618848,0.0146228412957793,0.9893769269362946,0.0085749267345458,0.0327441526936811,0.0066676913701235,0.0052786834342493,-0.0002007414859527,-0.0008533197484862,wdbc_combined_model_mechanism_summary.csv,,,,,,,,,
wdbc,random_forest,mar,0.2,0.9578326346840552,0.0113903139414761,0.9895421300412292,0.0092022590337895,0.0324925438596491,0.0076506540697299,0.0035087719298245,-3.5538381018196395e-05,-0.0011049285825182,wdbc_combined_model_mechanism_summary.csv,,,,,,,,,
wdbc,random_forest,mar,0.3,0.9543238627542306,0.0113663756718233,0.9911519396308948,0.0058882383858278,0.0334555399006365,0.0070862148843152,0.0,0.0015742712086472,-0.0001419325415308,wdbc_combined_model_mechanism_summary.csv,,,,,,,,,
wdbc,random_forest,mar,0.5,0.949060704859494,0.0156140158679633,0.9887512846241964,0.0085576910541782,0.0357011543238627,0.0092396331199126,-0.0052631578947368,-0.0008263837980509,0.0021036818816953,wdbc_combined_model_mechanism_summary.csv,,,,,,,,,
wdbc,random_forest,mcar,0.1,0.9543393882937432,0.0143359674257767,0.9894078294053728,0.0074605013406046,0.0354528772706101,0.0055555169657467,1.5525539512495356e-05,-0.0001698390168747,0.0018554048284427,wdbc_combined_model_mechanism_summary.csv,,,,,,,,,
wdbc,random_forest,mcar,0.2,0.949060704859494,0.0113303734384381,0.9893665286291392,0.0076047171930129,0.0379094666977177,0.0061702740143928,-0.0052631578947368,-0.0002111397931083,0.0043119942555503,wdbc_combined_model_mechanism_summary.csv,,,,,,,,,
wdbc,random_forest,mcar,0.3,0.9455364073901568,0.0072006960180029,0.9871429264649048,0.0075851714503639,0.0421949708896134,0.0052024758129607,-0.0087874553640738,-0.0024347419573426,0.008597498447446,wdbc_combined_model_mechanism_summary.csv,,,,,,,,,
wdbc,random_forest,mcar,0.5,0.9244837758112094,0.025150739084336,0.9853085242722484,0.0065204203747728,0.051677242276044,0.0084771412575444,-0.0298400869430212,-0.004269144149999,0.0180797698338767,wdbc_combined_model_mechanism_summary.csv,,,,,,,,,
wdbc,random_forest,mnar,0.1,0.9508150908244062,0.0158670899882712,0.9894131152115102,0.0081145832247533,0.033293326734979,0.0059633654785555,-0.0035087719298245,-0.0001645532107372,-0.0003041457071883,wdbc_combined_model_mechanism_summary.csv,,,,,,,,,
wdbc,random_forest,mnar,0.2,0.9508150908244062,0.0146044913732858,0.9898432801806532,0.0080507051767887,0.034403646561093,0.0066984623304684,-0.0035087719298245,0.0002656117584057,0.0008061741189256,wdbc_combined_model_mechanism_summary.csv,,,,,,,,,
wdbc,random_forest,mnar,0.3,0.9525694767893184,0.0158756707758154,0.9912110475081324,0.0053003104626713,0.0345336201676758,0.0080747046477563,-0.0017543859649122,0.0016333790858848,0.0009361477255084,wdbc_combined_model_mechanism_summary.csv,,,,,,,,,
wdbc,random_forest,mnar,0.5,0.9525694767893184,0.0116883186691472,0.9918675381314588,0.0041694579150483,0.0353707386275423,0.0080001868225521,-0.0017543859649122,0.0022898697092113,0.0017732661853749,wdbc_combined_model_mechanism_summary.csv,,,,,,,,,
statlog_heart,gradient_boosting,mar,0.1,0.7925925925925925,0.0710010722691882,0.8666666666666666,0.0523004732882298,0.1531177831217167,0.0445471401590388,-0.0074074074074073,0.0058333333333333,-0.0025798690689713,statlog_combined_model_mechanism_summary.csv,,,,,,,,,
statlog_heart,gradient_boosting,mar,0.2,0.8111111111111111,0.0513868034278207,0.8766666666666667,0.042291609651485,0.1462627240233394,0.0364186782506576,0.0111111111111111,0.0158333333333333,-0.0094349281673486,statlog_combined_model_mechanism_summary.csv,,,,,,,,,
statlog_heart,gradient_boosting,mar,0.3,0.8111111111111111,0.0513868034278207,0.8802777777777777,0.0268490579644844,0.1454388972815301,0.0259161784289326,0.0111111111111111,0.0194444444444444,-0.0102587549091579,statlog_combined_model_mechanism_summary.csv,,,,,,,,,
statlog_heart,gradient_boosting,mar,0.5,0.7962962962962963,0.0570779074348979,0.8702777777777777,0.0330952143047381,0.1513926463110952,0.0318775403152349,-0.0037037037037036,0.0094444444444444,-0.0043050058795928,statlog_combined_model_mechanism_summary.csv,,,,,,,,,
statlog_heart,gradient_boosting,mcar,0.1,0.774074074074074,0.0710010722691882,0.8566666666666667,0.0415205772278436,0.1633866692062534,0.0398356271681295,-0.0259259259259258,-0.0041666666666666,0.0076890170155652,statlog_combined_model_mechanism_summary.csv,,,,,,,,,
statlog_heart,gradient_boosting,mcar,0.2,0.7555555555555555,0.0461107392518101,0.8447222222222223,0.0462147429846342,0.1739037979453447,0.031729850501015,-0.0444444444444444,-0.0161111111111111,0.0182061457546567,statlog_combined_model_mechanism_summary.csv,,,,,,,,,
statlog_heart,gradient_boosting,mcar,0.3,0.7444444444444445,0.0304290309725092,0.826388888888889,0.0167244369149893,0.1837596609532697,0.01554075789719,-0.0555555555555555,-0.0344444444444444,0.0280620087625816,statlog_combined_model_mechanism_summary.csv,,,,,,,,,
statlog_heart,gradient_boosting,mcar,0.5,0.6925925925925925,0.042632831234153,0.7947222222222223,0.0456160675341918,0.1941612796374354,0.0258524827600732,-0.1074074074074074,-0.066111111111111,0.0384636274467473,statlog_combined_model_mechanism_summary.csv,,,,,,,,,
statlog_heart,gradient_boosting,mnar,0.1,0.7925925925925925,0.0891969968799429,0.8633333333333333,0.0544826963129658,0.1541351753681426,0.0522113337180703,-0.0074074074074074,0.0025,-0.0015624768225454,statlog_combined_model_mechanism_summary.csv,,,,,,,,,
statlog_heart,gradient_boosting,mnar,0.2,0.8111111111111111,0.0901530477380598,0.8636111111111111,0.058732102606183,0.1479343272895651,0.052982842448505,0.0111111111111111,0.0027777777777777,-0.0077633249011229,statlog_combined_model_mechanism_summary.csv,,,,,,,,,
statlog_heart,gradient_boosting,mnar,0.3,0.7851851851851852,0.0967581516860231,0.8705555555555555,0.0514957597439336,0.1515909983835446,0.0482569829889774,-0.0148148148148147,0.0097222222222222,-0.0041066538071434,statlog_combined_model_mechanism_summary.csv,,,,,,,,,
statlog_heart,gradient_boosting,mnar,0.5,0.8148148148148149,0.0774685209753773,0.891388888888889,0.038582623383597,0.1368834708807867,0.045970905458241,0.0148148148148148,0.0305555555555556,-0.0188141813099013,statlog_combined_model_mechanism_summary.csv,,,,,,,,,
statlog_heart,logistic_regression,mar,0.1,0.8444444444444444,0.0622508752369319,0.8969444444444445,0.0391287247270522,0.1232846847002716,0.0344903990911828,-0.0074074074074074,-0.0030555555555555,0.0012371524700321,statlog_combined_model_mechanism_summary.csv,,,,,,,,,
statlog_heart,logistic_regression,mar,0.2,0.8481481481481481,0.0513868034278207,0.893888888888889,0.0334142536304346,0.1244042363642586,0.0281471854422403,-0.0037037037037037,-0.006111111111111,0.0023567041340191,statlog_combined_model_mechanism_summary.csv,,,,,,,,,
statlog_heart,logistic_regression,mar,0.3,0.8407407407407408,0.0549348036081159,0.8869444444444443,0.0343395580477323,0.1296049633954223,0.026166849076739,-0.011111111111111,-0.0130555555555555,0.0075574311651828,statlog_combined_model_mechanism_summary.csv,,,,,,,,,
statlog_heart,logistic_regression,mar,0.5,0.8296296296296296,0.0605756564214671,0.8880555555555556,0.0350347050159631,0.1301734338348447,0.0318190162046003,-0.0222222222222222,-0.0119444444444444,0.0081259016046052,statlog_combined_model_mechanism_summary.csv,,,,,,,,,
statlog_heart,logistic_regression,mcar,0.1,0.8222222222222222,0.0579721327499945,0.8894444444444444,0.0461332778045052,0.1319161971763628,0.0365696216289415,-0.0296296296296296,-0.0105555555555555,0.0098686649461234,statlog_combined_model_mechanism_summary.csv,,,,,,,,,
statlog_heart,logistic_regression,mcar,0.2,0.8148148148148149,0.0654728501098655,0.8780555555555555,0.0508265022732563,0.1377136800407812,0.0324276342786905,-0.037037037037037,-0.0219444444444444,0.0156661478105418,statlog_combined_model_mechanism_summary.csv,,,,,,,,,
statlog_heart,logistic_regression,mcar,0.3,0.7925925925925925,0.0442123569863456,0.8616666666666667,0.0737066989434189,0.1480341513028504,0.0371465238651555,-0.0592592592592592,-0.0383333333333333,0.025986619072611,statlog_combined_model_mechanism_summary.csv,,,,,,,,,
statlog_heart,logistic_regression,mcar,0.5,0.7666666666666666,0.0687932430407656,0.8177777777777777,0.0579218289732371,0.1712025016497632,0.031145591944739,-0.0851851851851852,-0.0822222222222222,0.0491549694195238,statlog_combined_model_mechanism_summary.csv,,,,,,,,,
statlog_heart,logistic_regression,mnar,0.1,0.8481481481481481,0.0745355992499929,0.8949999999999999,0.0393401398693277,0.1259873492049732,0.0395931935462919,-0.0037037037037037,-0.005,0.0039398169747337,statlog_combined_model_mechanism_summary.csv,,,,,,,,,
statlog_heart,logistic_regression,mnar,0.2,0.8592592592592592,0.0687932430407655,0.8969444444444445,0.0300045006912028,0.1219232315274194,0.0328997004489527,0.0074074074074073,-0.0030555555555555,-0.0001243007028199,statlog_combined_model_mechanism_summary.csv,,,,,,,,,
statlog_heart,logistic_regression,mnar,0.3,0.8703703703703705,0.0654728501098654,0.8950000000000001,0.0318628184178811,0.1214878266173679,0.0323422765986855,0.0185185185185185,-0.0049999999999999,-0.0005597056128715,statlog_combined_model_mechanism_summary.csv,,,,,,,,,
statlog_heart,logistic_regression,mnar,0.5,0.8518518518518519,0.0654728501098655,0.8991666666666667,0.0235824990036946,0.1225794356233126,0.0289910140160176,-2.220446049250313e-17,-0.0008333333333333,0.0005319033930732,statlog_combined_model_mechanism_summary.csv,,,,,,,,,
statlog_heart,random_forest,mar,0.1,0.8185185185185185,0.0576755981570275,0.8919444444444444,0.0361898180721977,0.1301504629629629,0.0256062768951461,-0.0037037037037037,0.0043055555555555,-0.0014550925925925,statlog_combined_model_mechanism_summary.csv,,,,,,,,,
statlog_heart,random_forest,mar,0.2,0.8111111111111111,0.0530289669010235,0.8922222222222222,0.037795900473366,0.1291018518518518,0.0276595349906719,-0.0111111111111111,0.0045833333333333,-0.0025037037037036,statlog_combined_model_mechanism_summary.csv,,,,,,,,,
statlog_heart,random_forest,mar,0.3,0.8185185185185185,0.0605756564214671,0.8819444444444444,0.0341515605720467,0.1309528703703703,0.0234302561860206,-0.0037037037037037,-0.0056944444444444,-0.0006526851851851,statlog_combined_model_mechanism_summary.csv,,,,,,,,,
statlog_heart,random_forest,mar,0.5,0.8222222222222222,0.053351334410696,0.8775000000000001,0.0335014568045136,0.1336912037037037,0.0253301257707511,-2.220446049250313e-17,-0.0101388888888888,0.0020856481481481,statlog_combined_model_mechanism_summary.csv,,,,,,,,,
statlog_heart,random_forest,mcar,0.1,0.8148148148148149,0.0539902953226416,0.8838888888888888,0.0547277739710575,0.133472037037037,0.0325922127365017,-0.0074074074074074,-0.0037499999999999,0.0018664814814815,statlog_combined_model_mechanism_summary.csv,,,,,,,,,
statlog_heart,random_forest,mcar,0.2,0.8333333333333334,0.0752225778207033,0.8797222222222223,0.0484356954064476,0.1393042592592592,0.0263064238644383,0.011111111111111,-0.0079166666666666,0.0076987037037037,statlog_combined_model_mechanism_summary.csv,,,,,,,,,
statlog_heart,random_forest,mcar,0.3,0.788888888888889,0.0360992383141073,0.8393055555555555,0.0516290372229416,0.1597103703703703,0.0257779980347091,-0.0333333333333333,-0.0483333333333333,0.0281048148148148,statlog_combined_model_mechanism_summary.csv,,,,,,,,,
statlog_heart,random_forest,mcar,0.5,0.7333333333333333,0.0649469552472229,0.795,0.0851542944191583,0.1823958621505323,0.0400315837306332,-0.0888888888888889,-0.0926388888888889,0.0507903065949768,statlog_combined_model_mechanism_summary.csv,,,,,,,,,
statlog_heart,random_forest,mnar,0.1,0.8222222222222223,0.0636132001382136,0.8797222222222223,0.0451880074634688,0.1354764814814814,0.0289830655358572,2.220446049250313e-17,-0.0079166666666666,0.0038709259259259,statlog_combined_model_mechanism_summary.csv,,,,,,,,,
statlog_heart,random_forest,mnar,0.2,0.8148148148148149,0.0654728501098655,0.8836111111111112,0.0460762711419411,0.1332522222222222,0.0292706322309773,-0.0074074074074074,-0.0040277777777777,0.0016466666666666,statlog_combined_model_mechanism_summary.csv,,,,,,,,,
statlog_heart,random_forest,mnar,0.3,0.8555555555555555,0.0356210815956877,0.8881944444444445,0.0374356443665098,0.1294597222222221,0.0239606940664623,0.0333333333333333,0.0005555555555556,-0.0021458333333333,statlog_combined_model_mechanism_summary.csv,,,,,,,,,
statlog_heart,random_forest,mnar,0.5,0.8518518518518519,0.0434297755539206,0.8897222222222222,0.0321640998783994,0.1297897222222222,0.0232515120277878,0.0296296296296296,0.0020833333333333,-0.0018158333333333,statlog_combined_model_mechanism_summary.csv,,,,,,,,,
statlog_heart,logistic_regression,mar,0.1,0.8444444444444444,0.0622508752369319,0.8969444444444445,0.0391287247270522,0.1232846847002716,0.0344903990911828,-0.0074074074074074,-0.0030555555555555,0.0012371524700321,combined_logreg_mechanism_summary.csv,,,,,,,,,
statlog_heart,logistic_regression,mar,0.2,0.8481481481481481,0.0513868034278207,0.893888888888889,0.0334142536304346,0.1244042363642586,0.0281471854422403,-0.0037037037037037,-0.006111111111111,0.0023567041340191,combined_logreg_mechanism_summary.csv,,,,,,,,,
statlog_heart,logistic_regression,mar,0.3,0.8407407407407408,0.0549348036081159,0.8869444444444443,0.0343395580477323,0.1296049633954223,0.026166849076739,-0.011111111111111,-0.0130555555555555,0.0075574311651828,combined_logreg_mechanism_summary.csv,,,,,,,,,
statlog_heart,logistic_regression,mar,0.5,0.8296296296296296,0.0605756564214671,0.8880555555555556,0.0350347050159631,0.1301734338348447,0.0318190162046003,-0.0222222222222222,-0.0119444444444444,0.0081259016046052,combined_logreg_mechanism_summary.csv,,,,,,,,,
statlog_heart,logistic_regression,mcar,0.1,0.8222222222222222,0.0579721327499945,0.8894444444444444,0.0461332778045052,0.1319161971763628,0.0365696216289415,-0.0296296296296296,-0.0105555555555555,0.0098686649461234,combined_logreg_mechanism_summary.csv,,,,,,,,,
statlog_heart,logistic_regression,mcar,0.2,0.8148148148148149,0.0654728501098655,0.8780555555555555,0.0508265022732563,0.1377136800407812,0.0324276342786905,-0.037037037037037,-0.0219444444444444,0.0156661478105418,combined_logreg_mechanism_summary.csv,,,,,,,,,
statlog_heart,logistic_regression,mcar,0.3,0.7925925925925925,0.0442123569863456,0.8616666666666667,0.0737066989434189,0.1480341513028504,0.0371465238651555,-0.0592592592592592,-0.0383333333333333,0.025986619072611,combined_logreg_mechanism_summary.csv,,,,,,,,,
statlog_heart,logistic_regression,mcar,0.5,0.7666666666666666,0.0687932430407656,0.8177777777777777,0.0579218289732371,0.1712025016497632,0.031145591944739,-0.0851851851851852,-0.0822222222222222,0.0491549694195238,combined_logreg_mechanism_summary.csv,,,,,,,,,
statlog_heart,logistic_regression,mnar,0.1,0.8481481481481481,0.0745355992499929,0.8949999999999999,0.0393401398693277,0.1259873492049732,0.0395931935462919,-0.0037037037037037,-0.005,0.0039398169747337,combined_logreg_mechanism_summary.csv,,,,,,,,,
statlog_heart,logistic_regression,mnar,0.2,0.8592592592592592,0.0687932430407655,0.8969444444444445,0.0300045006912028,0.1219232315274194,0.0328997004489527,0.0074074074074073,-0.0030555555555555,-0.0001243007028199,combined_logreg_mechanism_summary.csv,,,,,,,,,
statlog_heart,logistic_regression,mnar,0.3,0.8703703703703705,0.0654728501098654,0.8950000000000001,0.0318628184178811,0.1214878266173679,0.0323422765986855,0.0185185185185185,-0.0049999999999999,-0.0005597056128715,combined_logreg_mechanism_summary.csv,,,,,,,,,
statlog_heart,logistic_regression,mnar,0.5,0.8518518518518519,0.0654728501098655,0.8991666666666667,0.0235824990036946,0.1225794356233126,0.0289910140160176,-2.220446049250313e-17,-0.0008333333333333,0.0005319033930732,combined_logreg_mechanism_summary.csv,,,,,,,,,
wdbc,logistic_regression,mar,0.1,0.971914299021891,0.0189974183616069,0.9951193595682624,0.0059486491546563,0.0212408331936353,0.0099756321360317,-0.0035087719298245,-0.0002604775942476,0.0013554216933344,combined_logreg_mechanism_summary.csv,,,,,,,,,
wdbc,logistic_regression,mar,0.2,0.971914299021891,0.0168509688611334,0.9935462040113204,0.006243387504384,0.0240438002537509,0.0107195858443382,-0.0035087719298245,-0.0018336331511896,0.00415838875345,combined_logreg_mechanism_summary.csv,,,,,,,,,
wdbc,logistic_regression,mar,0.3,0.9701599130569788,0.0181674188809407,0.9937421037855036,0.0064727300947983,0.0240275025291333,0.0079909043004884,-0.0052631578947368,-0.0016377333770062,0.0041420910288324,combined_logreg_mechanism_summary.csv,,,,,,,,,
wdbc,logistic_regression,mar,0.5,0.9613879832324173,0.0191882258914508,0.9930043005665344,0.0045583141782813,0.0281244167315805,0.0095199850668977,-0.0140350877192982,-0.0023755365959754,0.0082390052312797,combined_logreg_mechanism_summary.csv,,,,,,,,,
wdbc,logistic_regression,mcar,0.1,0.9683744760130416,0.0132806448718135,0.9938593230355433,0.0076020686547237,0.0243150630334022,0.0088166768678624,-0.0070485949386741,-0.0015205141269667,0.0044296515331013,combined_logreg_mechanism_summary.csv,,,,,,,,,
wdbc,logistic_regression,mcar,0.2,0.9631113181183046,0.0156529471835063,0.9925444787588582,0.0066499408770146,0.0270788558396077,0.0072095511100851,-0.0123117528334109,-0.0028353584036518,0.0071934443393068,combined_logreg_mechanism_summary.csv,,,,,,,,,
wdbc,logistic_regression,mcar,0.3,0.9525694767893184,0.0170443626752541,0.9910802021430912,0.0049330195387969,0.0357848586717993,0.0091205002830764,-0.0228535941623971,-0.0042996350194187,0.0158994471714985,combined_logreg_mechanism_summary.csv,,,,,,,,,
wdbc,logistic_regression,mcar,0.5,0.9402421984163948,0.01303144554325,0.9868243050031456,0.0082185166775171,0.0434635543159504,0.0128469117465455,-0.0351808725353206,-0.0085555321593644,0.0235781428156496,combined_logreg_mechanism_summary.csv,,,,,,,,,
wdbc,logistic_regression,mnar,0.1,0.9701443875174662,0.0132675932178397,0.9957117597921724,0.0059722826785336,0.0222039577439182,0.0079269367630861,-0.0052786834342493,0.0003319226296625,0.0023185462436174,combined_logreg_mechanism_summary.csv,,,,,,,,,
wdbc,logistic_regression,mnar,0.2,0.9754230709517157,0.01567220354891,0.9940708852598796,0.0066368784880348,0.0225787297575027,0.011174225335873,0.0,-0.0013089519026302,0.0026933182572018,combined_logreg_mechanism_summary.csv,,,,,,,,,
wdbc,logistic_regression,mnar,0.3,0.9684055270920664,0.0170737704652634,0.9932742016266418,0.0069995561525163,0.0237726697981462,0.0087431290993096,-0.0070175438596491,-0.002105635535868,0.0038872582978453,combined_logreg_mechanism_summary.csv,,,,,,,,,
wdbc,logistic_regression,mnar,0.5,0.9631423691973297,0.0168408633745767,0.992941629102782,0.0060856432600122,0.0251067112015549,0.0101659946777612,-0.0122807017543859,-0.0024382080597278,0.0052212997012541,combined_logreg_mechanism_summary.csv,,,,,,,,,
statlog_heart,logistic_regression,mar,0.1,0.8407407407407408,0.0426328312341531,0.8991666666666667,0.0431741199056753,0.127800537074764,0.034729874627048,,,,combined_logreg_iterative_calibration_summary.csv,iterative,0.1228811029223673,0.0395419810548354,0.0037037037037037,0.0024999999999999,-0.0001969588304411,0.0044620841319454,,
statlog_heart,logistic_regression,mar,0.2,0.8333333333333334,0.041408666249996,0.8961111111111112,0.0400062687989004,0.1299847155436658,0.0313122319009568,,,,combined_logreg_iterative_calibration_summary.csv,iterative,0.1216723063907837,0.0244467060109057,-0.0037037037037036,-0.0005555555555555,0.0019872196384605,0.0032532876003618,,
statlog_heart,logistic_regression,mar,0.3,0.8296296296296296,0.0401471914605163,0.89,0.0381679200829281,0.1324786375954479,0.0305902127465822,,,,combined_logreg_iterative_calibration_summary.csv,iterative,0.133304022383739,0.0217571495684985,-0.0074074074074073,-0.0066666666666666,0.0044811416902427,0.014885003593317,,
statlog_heart,logistic_regression,mar,0.5,0.8111111111111111,0.0576755981570275,0.8869444444444445,0.0434080552347057,0.138081676524241,0.0357974557644591,,,,combined_logreg_iterative_calibration_summary.csv,iterative,0.1199946823826821,0.0443692139689039,-0.0259259259259259,-0.0097222222222222,0.0100841806190358,0.0015756635922602,,
statlog_heart,logistic_regression,mcar,0.1,0.825925925925926,0.0700284088932927,0.8880555555555556,0.0355539279141342,0.1350481273872426,0.0340341517721398,,,,combined_logreg_iterative_calibration_summary.csv,iterative,0.1034235259359281,0.0178032316477848,-0.011111111111111,-0.0086111111111111,0.0070506314820374,-0.0149954928544937,,
statlog_heart,logistic_regression,mcar,0.2,0.8,0.0901530477380598,0.8761111111111111,0.0411472251288282,0.1399224123953515,0.0331939979196749,,,,combined_logreg_iterative_calibration_summary.csv,iterative,0.1377619252407052,0.0390955311664642,-0.037037037037037,-0.0205555555555555,0.0119249164901462,0.0193429064502833,,
statlog_heart,logistic_regression,mcar,0.3,0.7777777777777778,0.0858668379212565,0.8380555555555557,0.0757078224671404,0.1671898381810202,0.046212373446647,,,,combined_logreg_iterative_calibration_summary.csv,iterative,0.1552198036035713,0.059046714325903,-0.0592592592592592,-0.0586111111111111,0.039192342275815,0.0368007848131494,,
statlog_heart,logistic_regression,mcar,0.5,0.737037037037037,0.0721984766282145,0.7833333333333333,0.0791179187145894,0.1852461894683413,0.0408422099060024,,,,combined_logreg_iterative_calibration_summary.csv,iterative,0.1734498860095749,0.0282219280007749,-0.0999999999999999,-0.1133333333333333,0.0572486935631361,0.055030867219153,,
statlog_heart,logistic_regression,mnar,0.1,0.8444444444444444,0.0549348036081159,0.8983333333333334,0.0446112321846979,0.1288354258008334,0.039347467042234,,,,combined_logreg_iterative_calibration_summary.csv,iterative,0.1162858781144092,0.0331172688309444,0.0074074074074074,0.0016666666666666,0.0008379298956281,-0.0021331406760126,,
statlog_heart,logistic_regression,mnar,0.2,0.8444444444444444,0.0426328312341531,0.9066666666666666,0.034658274447155,0.1247030268772441,0.0353773372658412,,,,combined_logreg_iterative_calibration_summary.csv,iterative,0.1195633653309217,0.0305343402814495,0.0074074074074074,0.0099999999999999,-0.003294469027961,0.0011443465404998,,
statlog_heart,logistic_regression,mnar,0.3,0.8444444444444444,0.042632831234153,0.898611111111111,0.0344293201562236,0.1264197591227914,0.0344465603072384,,,,combined_logreg_iterative_calibration_summary.csv,iterative,0.129637397409201,0.0284280564966376,0.0074074074074074,0.0019444444444444,-0.0015777367824137,0.0112183786187791,,
statlog_heart,logistic_regression,mnar,0.5,0.8333333333333334,0.0453609211626514,0.9016666666666668,0.0279749943457005,0.1311139892812094,0.0313445396761542,,,,combined_logreg_iterative_calibration_summary.csv,iterative,0.1282174161251175,0.0234153882969044,-0.0037037037037036,0.0049999999999999,0.0031164933760041,0.0097983973346955,,
wdbc,logistic_regression,mar,0.1,0.9701599130569788,0.0252555364263695,0.9949212718169482,0.005838045132283,0.0208526977532028,0.0098890590423772,,,,combined_logreg_iterative_calibration_summary.csv,iterative,0.0356424453710178,0.0119663131939637,-0.0052631578947368,-0.0004585653455617,0.000967286252902,0.0042844361912006,,
wdbc,logistic_regression,mar,0.2,0.966651141127154,0.0258550697616425,0.9942674349282604,0.0057200951940383,0.0221106438699916,0.0108663632239991,,,,combined_logreg_iterative_calibration_summary.csv,iterative,0.0349730809076025,0.0111049657155798,-0.0087719298245614,-0.0011124022342495,0.0022252323696907,0.0036150717277853,,
wdbc,logistic_regression,mar,0.3,0.966651141127154,0.0293402712069431,0.9934819511383546,0.0061710078461786,0.0234960730821506,0.0112090973417009,,,,combined_logreg_iterative_calibration_summary.csv,iterative,0.0362800044271147,0.0123710823892197,-0.0087719298245614,-0.0018978860241552,0.0036106615818497,0.0049219952472975,,
wdbc,logistic_regression,mar,0.5,0.966651141127154,0.0189920409906697,0.992545431937014,0.0060728975418399,0.0274849439616035,0.0099978704748364,,,,combined_logreg_iterative_calibration_summary.csv,iterative,0.0413060053959126,0.0107332427951174,-0.0087719298245613,-0.0028344052254959,0.0075995324613026,0.0099479962160954,,
wdbc,logistic_regression,mcar,0.1,0.9701599130569788,0.0170757644740154,0.9946589311926683,0.0058372364547827,0.0212479518661676,0.0081720891676243,,,,combined_logreg_iterative_calibration_summary.csv,iterative,0.0347477918716046,0.0115579760632848,-0.0052631578947368,-0.0007209059698414,0.0013625403658667,0.0033897826917874,,
wdbc,logistic_regression,mcar,0.2,0.966651141127154,0.0235173234682192,0.9921680167135458,0.0065215480931681,0.0240535170191581,0.0102202873619266,,,,combined_logreg_iterative_calibration_summary.csv,iterative,0.0373613111460256,0.0121412224240631,-0.0087719298245614,-0.0032118204489642,0.0041681055188572,0.0060033019662084,,
wdbc,logistic_regression,mcar,0.3,0.966651141127154,0.0209199515735173,0.9941276860127172,0.0054924336232728,0.0232424634206927,0.0083288074108571,,,,combined_logreg_iterative_calibration_summary.csv,iterative,0.0335882591234694,0.0110483821906263,-0.0087719298245614,-0.0012521511497928,0.0033570519203919,0.0022302499436522,,
wdbc,logistic_regression,mcar,0.5,0.9578326346840552,0.0226819976175057,0.9957735430671888,0.0044200579063015,0.0280540717773977,0.0067499413853165,,,,combined_logreg_iterative_calibration_summary.csv,iterative,0.0397505796824343,0.0122937726380323,-0.0175904362676603,0.0003937059046787,0.0081686602770968,0.0083925705026171,,
wdbc,logistic_regression,mnar,0.1,0.971914299021891,0.0199843759179373,0.9957086403000256,0.005852818622646,0.0209619757232382,0.0078998418682391,,,,combined_logreg_iterative_calibration_summary.csv,iterative,0.038236198373608,0.010175808590429,-0.0035087719298245,0.0003288031375158,0.0010765642229373,0.0068781891937907,,
wdbc,logistic_regression,mnar,0.2,0.9736531594472908,0.0205555592672821,0.99452977555254,0.0064813986119512,0.0206684905530776,0.0086645514171177,,,,combined_logreg_iterative_calibration_summary.csv,iterative,0.0343613178839245,0.0063112439184824,-0.0017699115044248,-0.0008500616099699,0.0007830790527767,0.0030033087041073,,
wdbc,logistic_regression,mnar,0.3,0.9718987734823784,0.0189957212437441,0.9940605952684236,0.0063738610880683,0.0230370735178127,0.0103610850891712,,,,combined_logreg_iterative_calibration_summary.csv,iterative,0.0345132948724715,0.0084840016381986,-0.003524297469337,-0.0013192418940863,0.0031516620175119,0.0031552856926543,,
wdbc,logistic_regression,mnar,0.5,0.9754230709517157,0.0143925184611641,0.9936635099139194,0.0064832209543267,0.0216033971277004,0.0107762771311807,,,,combined_logreg_iterative_calibration_summary.csv,iterative,0.0305400168984667,0.0146958699616895,0.0,-0.0017163272485906,0.0017179856273996,-0.0008179922813504,,
wdbc,logistic_regression,mcar,0.1,0.9701599130569788,0.0170757644740154,0.9946589311926683,0.0058372364547827,0.0212479518661676,0.0081720891676243,,,,wdbc_logreg_mcar_imputer_compare_summary.csv,iterative,,,-0.0052631578947368,-0.0007209059698414,0.0013625403658667,,,
wdbc,logistic_regression,mcar,0.2,0.966651141127154,0.0235173234682192,0.9921680167135458,0.0065215480931681,0.0240535170191581,0.0102202873619266,,,,wdbc_logreg_mcar_imputer_compare_summary.csv,iterative,,,-0.0087719298245614,-0.0032118204489642,0.0041681055188572,,,
wdbc,logistic_regression,mcar,0.3,0.966651141127154,0.0209199515735173,0.9941276860127172,0.0054924336232728,0.0232424634206927,0.0083288074108571,,,,wdbc_logreg_mcar_imputer_compare_summary.csv,iterative,,,-0.0087719298245614,-0.0012521511497928,0.0033570519203919,,,
wdbc,logistic_regression,mcar,0.5,0.9578326346840552,0.0226819976175057,0.9957735430671888,0.0044200579063015,0.0280540717773977,0.0067499413853165,,,,wdbc_logreg_mcar_imputer_compare_summary.csv,iterative,,,-0.0175904362676603,0.0003937059046787,0.0081686602770968,,,
wdbc,logistic_regression,mcar,0.1,0.9666356155876416,0.0189849640173679,0.9954384576190995,0.0059732925582584,0.023573373313019,0.0083087665001007,,,,wdbc_logreg_mcar_imputer_compare_summary.csv,knn,,,-0.0087874553640739,5.86204565896864e-05,0.0036879618127181,,,
wdbc,logistic_regression,mcar,0.2,0.9771619313771154,0.0117516130442982,0.9952359939135242,0.0062771850355972,0.0233346867208928,0.0082747484416181,,,,wdbc_logreg_mcar_imputer_compare_summary.csv,knn,,,0.0017388604253997,-0.0001438432489857,0.0034492752205919,,,
wdbc,logistic_regression,mcar,0.3,0.9631113181183046,0.0113839635566481,0.9933945187056882,0.0069417773546987,0.0300655212138996,0.0101235136874813,,,,wdbc_logreg_mcar_imputer_compare_summary.csv,knn,,,-0.0123117528334109,-0.0019853184568218,0.0101801097135987,,,
wdbc,logistic_regression,mcar,0.5,0.9174041297935104,0.0132608240024173,0.9770790548632016,0.0146054081562759,0.0593217925688368,0.0129979773296252,,,,wdbc_logreg_mcar_imputer_compare_summary.csv,knn,,,-0.0580189411582052,-0.0183007822993083,0.039436381068536,,,
wdbc,logistic_regression,mcar,0.1,0.9683744760130416,0.0132806448718135,0.9938593230355433,0.0076020686547237,0.0243150630334022,0.0088166768678624,,,,wdbc_logreg_mcar_imputer_compare_summary.csv,simple,,,-0.0070485949386741,-0.0015205141269667,0.0044296515331013,,,
wdbc,logistic_regression,mcar,0.2,0.9631113181183046,0.0156529471835063,0.9925444787588582,0.0066499408770146,0.0270788558396077,0.0072095511100851,,,,wdbc_logreg_mcar_imputer_compare_summary.csv,simple,,,-0.0123117528334109,-0.0028353584036518,0.0071934443393068,,,
wdbc,logistic_regression,mcar,0.3,0.9525694767893184,0.0170443626752541,0.9910802021430912,0.0049330195387969,0.0357848586717993,0.0091205002830764,,,,wdbc_logreg_mcar_imputer_compare_summary.csv,simple,,,-0.0228535941623971,-0.0042996350194187,0.0158994471714985,,,
wdbc,logistic_regression,mcar,0.5,0.9402421984163948,0.01303144554325,0.9868243050031456,0.0082185166775171,0.0434635543159504,0.0128469117465455,,,,wdbc_logreg_mcar_imputer_compare_summary.csv,simple,,,-0.0351808725353206,-0.0085555321593644,0.0235781428156496,,,
wdbc,logistic_regression,mar,0.1,0.9701599130569788,0.0252555364263695,0.9949212718169482,0.005838045132283,0.0208526977532028,0.0098890590423772,,,,wdbc_logreg_mar_imputer_compare_summary.csv,iterative,,,-0.0052631578947368,-0.0004585653455617,0.000967286252902,,,
wdbc,logistic_regression,mar,0.2,0.966651141127154,0.0258550697616425,0.9942674349282604,0.0057200951940383,0.0221106438699916,0.0108663632239991,,,,wdbc_logreg_mar_imputer_compare_summary.csv,iterative,,,-0.0087719298245614,-0.0011124022342495,0.0022252323696907,,,
wdbc,logistic_regression,mar,0.3,0.966651141127154,0.0293402712069431,0.9934819511383546,0.0061710078461786,0.0234960730821506,0.0112090973417009,,,,wdbc_logreg_mar_imputer_compare_summary.csv,iterative,,,-0.0087719298245614,-0.0018978860241552,0.0036106615818497,,,
wdbc,logistic_regression,mar,0.5,0.966651141127154,0.0189920409906697,0.992545431937014,0.0060728975418399,0.0274849439616035,0.0099978704748364,,,,wdbc_logreg_mar_imputer_compare_summary.csv,iterative,,,-0.0087719298245613,-0.0028344052254959,0.0075995324613026,,,
wdbc,logistic_regression,mar,0.1,0.971914299021891,0.0189974183616069,0.9949222033319642,0.0060498087080482,0.0214017338744178,0.0092832252652914,,,,wdbc_logreg_mar_imputer_compare_summary.csv,knn,,,-0.0035087719298245,-0.0004576338305457,0.001516322374117,,,
wdbc,logistic_regression,mar,0.2,0.9701443875174662,0.0146459006625602,0.9949902255912738,0.0050629141140459,0.023823860034181,0.0086582798648655,,,,wdbc_logreg_mar_imputer_compare_summary.csv,knn,,,-0.0052786834342493,-0.0003896115712362,0.0039384485338802,,,
wdbc,logistic_regression,mar,0.3,0.9666356155876416,0.0235116086403786,0.99505198720315,0.0051051036303231,0.0243749381122516,0.0083708763598243,,,,wdbc_logreg_mar_imputer_compare_summary.csv,knn,,,-0.0087874553640739,-0.0003278499593599,0.0044895266119508,,,
wdbc,logistic_regression,mar,0.5,0.9613879832324173,0.0228491032330681,0.993992594672254,0.0043282962263305,0.0270325452966976,0.0084541231631505,,,,wdbc_logreg_mar_imputer_compare_summary.csv,knn,,,-0.0140350877192982,-0.0013872424902559,0.0071471337963968,,,
wdbc,logistic_regression,mar,0.1,0.971914299021891,0.0189974183616069,0.9951193595682624,0.0059486491546563,0.0212408331936353,0.0099756321360317,,,,wdbc_logreg_mar_imputer_compare_summary.csv,simple,,,-0.0035087719298245,-0.0002604775942476,0.0013554216933344,,,
wdbc,logistic_regression,mar,0.2,0.971914299021891,0.0168509688611334,0.9935462040113204,0.006243387504384,0.0240438002537509,0.0107195858443382,,,,wdbc_logreg_mar_imputer_compare_summary.csv,simple,,,-0.0035087719298245,-0.0018336331511896,0.00415838875345,,,
wdbc,logistic_regression,mar,0.3,0.9701599130569788,0.0181674188809407,0.9937421037855036,0.0064727300947983,0.0240275025291333,0.0079909043004884,,,,wdbc_logreg_mar_imputer_compare_summary.csv,simple,,,-0.0052631578947368,-0.0016377333770062,0.0041420910288324,,,
wdbc,logistic_regression,mar,0.5,0.9613879832324173,0.0191882258914508,0.9930043005665344,0.0045583141782813,0.0281244167315805,0.0095199850668977,,,,wdbc_logreg_mar_imputer_compare_summary.csv,simple,,,-0.0140350877192982,-0.0023755365959754,0.0082390052312797,,,
wdbc,logistic_regression,mnar,0.1,0.971914299021891,0.0199843759179373,0.9957086403000256,0.005852818622646,0.0209619757232382,0.0078998418682391,,,,wdbc_logreg_mnar_imputer_compare_summary.csv,iterative,,,-0.0035087719298245,0.0003288031375158,0.0010765642229373,,,
wdbc,logistic_regression,mnar,0.2,0.9736531594472908,0.0205555592672821,0.99452977555254,0.0064813986119512,0.0206684905530776,0.0086645514171177,,,,wdbc_logreg_mnar_imputer_compare_summary.csv,iterative,,,-0.0017699115044248,-0.0008500616099699,0.0007830790527767,,,
wdbc,logistic_regression,mnar,0.3,0.9718987734823784,0.0189957212437441,0.9940605952684236,0.0063738610880683,0.0230370735178127,0.0103610850891712,,,,wdbc_logreg_mnar_imputer_compare_summary.csv,iterative,,,-0.003524297469337,-0.0013192418940863,0.0031516620175119,,,
wdbc,logistic_regression,mnar,0.5,0.9754230709517157,0.0143925184611641,0.9936635099139194,0.0064832209543267,0.0216033971277004,0.0107762771311807,,,,wdbc_logreg_mnar_imputer_compare_summary.csv,iterative,,,0.0,-0.0017163272485906,0.0017179856273996,,,
wdbc,logistic_regression,mnar,0.1,0.9701443875174662,0.0132675932178397,0.995842778462333,0.0058211975164984,0.0225973189967566,0.0078893653001117,,,,wdbc_logreg_mnar_imputer_compare_summary.csv,knn,,,-0.0052786834342493,0.000462941299823,0.0027119074964558,,,
wdbc,logistic_regression,mnar,0.2,0.9701443875174662,0.0132675932178397,0.9947914879457624,0.0063625313971024,0.023722492778452,0.0103109517989949,,,,wdbc_logreg_mnar_imputer_compare_summary.csv,knn,,,-0.0052786834342493,-0.0005883492167475,0.0038370812781511,,,
wdbc,logistic_regression,mnar,0.3,0.9736531594472908,0.012378100897397,0.994711031044146,0.0051169557895587,0.0230471847236566,0.0090493499037289,,,,wdbc_logreg_mnar_imputer_compare_summary.csv,knn,,,-0.0017699115044248,-0.0006688061183639,0.0031617732233558,,,
wdbc,logistic_regression,mnar,0.5,0.971914299021891,0.0143877864423913,0.9935980005788392,0.0040301968051274,0.0242629979180761,0.0080704439424356,,,,wdbc_logreg_mnar_imputer_compare_summary.csv,knn,,,-0.0035087719298245,-0.0017818365836708,0.0043775864177752,,,
wdbc,logistic_regression,mnar,0.1,0.9701443875174662,0.0132675932178397,0.9957117597921724,0.0059722826785336,0.0222039577439182,0.0079269367630861,,,,wdbc_logreg_mnar_imputer_compare_summary.csv,simple,,,-0.0052786834342493,0.0003319226296625,0.0023185462436174,,,
wdbc,logistic_regression,mnar,0.2,0.9754230709517157,0.01567220354891,0.9940708852598796,0.0066368784880348,0.0225787297575027,0.011174225335873,,,,wdbc_logreg_mnar_imputer_compare_summary.csv,simple,,,0.0,-0.0013089519026302,0.0026933182572018,,,
wdbc,logistic_regression,mnar,0.3,0.9684055270920664,0.0170737704652634,0.9932742016266418,0.0069995561525163,0.0237726697981462,0.0087431290993096,,,,wdbc_logreg_mnar_imputer_compare_summary.csv,simple,,,-0.0070175438596491,-0.002105635535868,0.0038872582978453,,,
wdbc,logistic_regression,mnar,0.5,0.9631423691973297,0.0168408633745767,0.992941629102782,0.0060856432600122,0.0251067112015549,0.0101659946777612,,,,wdbc_logreg_mnar_imputer_compare_summary.csv,simple,,,-0.0122807017543859,-0.0024382080597278,0.0052212997012541,,,
wdbc,logistic_regression,mcar,0.1,0.9754230709517157,0.0143925184611641,0.9953108833881844,0.0061629157370857,0.0214218970056669,0.0082163405575432,,,,wdbc_logreg_iterative_mcar_regime_compare_summary.csv,iterative,0.0323078037671386,0.0064199587467653,-2.220446049250313e-17,-6.895377432554195e-05,0.0015364855053661,0.0009497945873214,clean_train_corrupt_test,
wdbc,logistic_regression,mcar,0.2,0.971914299021891,0.0129821039238,0.9943871671025292,0.0071964220238758,0.0218308325922097,0.0090217268694983,,,,wdbc_logreg_iterative_mcar_regime_compare_summary.csv,iterative,0.0297166910613399,0.0092783985786528,-0.0035087719298245,-0.0009926700599808,0.0019454210919089,-0.0016413181184772,clean_train_corrupt_test,
wdbc,logistic_regression,mcar,0.3,0.966651141127154,0.0199792641860203,0.9945774561234764,0.0072594104376681,0.0227118955401357,0.0087267260957688,,,,wdbc_logreg_iterative_mcar_regime_compare_summary.csv,iterative,0.0378057599698319,0.0116475882409011,-0.0087719298245614,-0.0008023810390334,0.0028264840398348,0.0064477507900147,clean_train_corrupt_test,
wdbc,logistic_regression,mcar,0.5,0.9508150908244062,0.0098929792783487,0.9908258118911574,0.0091011302620126,0.0332148194579971,0.0062192963163671,,,,wdbc_logreg_iterative_mcar_regime_compare_summary.csv,iterative,0.0464336396613962,0.0101688452833843,-0.0246079801273094,-0.0045540252713524,0.0133294079576963,0.015075630481579,clean_train_corrupt_test,
wdbc,logistic_regression,mcar,0.1,0.9701599130569788,0.0170757644740154,0.9946589311926683,0.0058372364547827,0.0212479518661676,0.0081720891676243,,,,wdbc_logreg_iterative_mcar_regime_compare_summary.csv,iterative,0.0347477918716046,0.0115579760632848,-0.0052631578947368,-0.0007209059698414,0.0013625403658667,0.0033897826917874,corrupt_train_corrupt_test,
wdbc,logistic_regression,mcar,0.2,0.966651141127154,0.0235173234682192,0.9921680167135458,0.0065215480931681,0.0240535170191581,0.0102202873619266,,,,wdbc_logreg_iterative_mcar_regime_compare_summary.csv,iterative,0.0373613111460256,0.0121412224240631,-0.0087719298245614,-0.0032118204489642,0.0041681055188572,0.0060033019662084,corrupt_train_corrupt_test,
wdbc,logistic_regression,mcar,0.3,0.966651141127154,0.0209199515735173,0.9941276860127172,0.0054924336232728,0.0232424634206927,0.0083288074108571,,,,wdbc_logreg_iterative_mcar_regime_compare_summary.csv,iterative,0.0335882591234694,0.0110483821906263,-0.0087719298245614,-0.0012521511497928,0.0033570519203919,0.0022302499436522,corrupt_train_corrupt_test,
wdbc,logistic_regression,mcar,0.5,0.9578326346840552,0.0226819976175057,0.9957735430671888,0.0044200579063015,0.0280540717773977,0.0067499413853165,,,,wdbc_logreg_iterative_mcar_regime_compare_summary.csv,iterative,0.0397505796824343,0.0122937726380323,-0.0175904362676603,0.0003937059046787,0.0081686602770968,0.0083925705026171,corrupt_train_corrupt_test,
statlog_heart,logistic_regression,mcar,0.1,0.8333333333333334,0.0796511598800243,0.8949999999999999,0.045892218065946,0.1329314462513425,0.0381803077341934,,,,statlog_logreg_iterative_mcar_regime_compare_summary.csv,iterative,0.1251365590283406,0.0209243214977448,-0.0037037037037036,-0.0016666666666667,0.0049339503461372,0.0067175402379186,clean_train_corrupt_test,
statlog_heart,logistic_regression,mcar,0.2,0.8074074074074075,0.0912870929175277,0.881111111111111,0.0434635685387596,0.1375604344714952,0.0373031774368866,,,,statlog_logreg_iterative_mcar_regime_compare_summary.csv,iterative,0.1255772759308684,0.0410506859755029,-0.0296296296296296,-0.0155555555555556,0.00956293856629,0.0071582571404465,clean_train_corrupt_test,
statlog_heart,logistic_regression,mcar,0.3,0.7962962962962963,0.0858668379212565,0.8761111111111111,0.051551918573822,0.1420913398462218,0.04220861249678,,,,statlog_logreg_iterative_mcar_regime_compare_summary.csv,iterative,0.1236316093205002,0.0224384575210246,-0.0407407407407407,-0.0205555555555555,0.0140938439410166,0.0052125905300783,clean_train_corrupt_test,
statlog_heart,logistic_regression,mcar,0.5,0.7666666666666666,0.0747652934747642,0.8375,0.077155246735173,0.1580355750534702,0.0423226698255174,,,,statlog_logreg_iterative_mcar_regime_compare_summary.csv,iterative,0.1195584537350301,0.0188874883982118,-0.0703703703703703,-0.0591666666666666,0.030038079148265,0.0011394349446082,clean_train_corrupt_test,
statlog_heart,logistic_regression,mcar,0.1,0.825925925925926,0.0700284088932927,0.8880555555555556,0.0355539279141342,0.1350481273872426,0.0340341517721398,,,,statlog_logreg_iterative_mcar_regime_compare_summary.csv,iterative,0.1034235259359281,0.0178032316477848,-0.011111111111111,-0.0086111111111111,0.0070506314820374,-0.0149954928544937,corrupt_train_corrupt_test,
statlog_heart,logistic_regression,mcar,0.2,0.8,0.0901530477380598,0.8761111111111111,0.0411472251288282,0.1399224123953515,0.0331939979196749,,,,statlog_logreg_iterative_mcar_regime_compare_summary.csv,iterative,0.1377619252407052,0.0390955311664642,-0.037037037037037,-0.0205555555555555,0.0119249164901462,0.0193429064502833,corrupt_train_corrupt_test,
statlog_heart,logistic_regression,mcar,0.3,0.7777777777777778,0.0858668379212565,0.8380555555555557,0.0757078224671404,0.1671898381810202,0.046212373446647,,,,statlog_logreg_iterative_mcar_regime_compare_summary.csv,iterative,0.1552198036035713,0.059046714325903,-0.0592592592592592,-0.0586111111111111,0.039192342275815,0.0368007848131494,corrupt_train_corrupt_test,
statlog_heart,logistic_regression,mcar,0.5,0.737037037037037,0.0721984766282145,0.7833333333333333,0.0791179187145894,0.1852461894683413,0.0408422099060024,,,,statlog_logreg_iterative_mcar_regime_compare_summary.csv,iterative,0.1734498860095749,0.0282219280007749,-0.0999999999999999,-0.1133333333333333,0.0572486935631361,0.055030867219153,corrupt_train_corrupt_test,
statlog_heart,logistic_regression,mcar,0.1,0.8333333333333334,0.0796511598800243,0.8949999999999999,0.045892218065946,0.1329314462513425,0.0381803077341934,,,,combined_logreg_iterative_mcar_regime_compare_summary.csv,iterative,0.1251365590283406,0.0209243214977448,-0.0037037037037036,-0.0016666666666667,0.0049339503461372,0.0067175402379186,clean_train_corrupt_test,
statlog_heart,logistic_regression,mcar,0.2,0.8074074074074075,0.0912870929175277,0.881111111111111,0.0434635685387596,0.1375604344714952,0.0373031774368866,,,,combined_logreg_iterative_mcar_regime_compare_summary.csv,iterative,0.1255772759308684,0.0410506859755029,-0.0296296296296296,-0.0155555555555556,0.00956293856629,0.0071582571404465,clean_train_corrupt_test,
statlog_heart,logistic_regression,mcar,0.3,0.7962962962962963,0.0858668379212565,0.8761111111111111,0.051551918573822,0.1420913398462218,0.04220861249678,,,,combined_logreg_iterative_mcar_regime_compare_summary.csv,iterative,0.1236316093205002,0.0224384575210246,-0.0407407407407407,-0.0205555555555555,0.0140938439410166,0.0052125905300783,clean_train_corrupt_test,
statlog_heart,logistic_regression,mcar,0.5,0.7666666666666666,0.0747652934747642,0.8375,0.077155246735173,0.1580355750534702,0.0423226698255174,,,,combined_logreg_iterative_mcar_regime_compare_summary.csv,iterative,0.1195584537350301,0.0188874883982118,-0.0703703703703703,-0.0591666666666666,0.030038079148265,0.0011394349446082,clean_train_corrupt_test,
statlog_heart,logistic_regression,mcar,0.1,0.825925925925926,0.0700284088932927,0.8880555555555556,0.0355539279141342,0.1350481273872426,0.0340341517721398,,,,combined_logreg_iterative_mcar_regime_compare_summary.csv,iterative,0.1034235259359281,0.0178032316477848,-0.011111111111111,-0.0086111111111111,0.0070506314820374,-0.0149954928544937,corrupt_train_corrupt_test,
statlog_heart,logistic_regression,mcar,0.2,0.8,0.0901530477380598,0.8761111111111111,0.0411472251288282,0.1399224123953515,0.0331939979196749,,,,combined_logreg_iterative_mcar_regime_compare_summary.csv,iterative,0.1377619252407052,0.0390955311664642,-0.037037037037037,-0.0205555555555555,0.0119249164901462,0.0193429064502833,corrupt_train_corrupt_test,
statlog_heart,logistic_regression,mcar,0.3,0.7777777777777778,0.0858668379212565,0.8380555555555557,0.0757078224671404,0.1671898381810202,0.046212373446647,,,,combined_logreg_iterative_mcar_regime_compare_summary.csv,iterative,0.1552198036035713,0.059046714325903,-0.0592592592592592,-0.0586111111111111,0.039192342275815,0.0368007848131494,corrupt_train_corrupt_test,
statlog_heart,logistic_regression,mcar,0.5,0.737037037037037,0.0721984766282145,0.7833333333333333,0.0791179187145894,0.1852461894683413,0.0408422099060024,,,,combined_logreg_iterative_mcar_regime_compare_summary.csv,iterative,0.1734498860095749,0.0282219280007749,-0.0999999999999999,-0.1133333333333333,0.0572486935631361,0.055030867219153,corrupt_train_corrupt_test,
wdbc,logistic_regression,mcar,0.1,0.9754230709517157,0.0143925184611641,0.9953108833881844,0.0061629157370857,0.0214218970056669,0.0082163405575432,,,,combined_logreg_iterative_mcar_regime_compare_summary.csv,iterative,0.0323078037671386,0.0064199587467653,-2.220446049250313e-17,-6.895377432554195e-05,0.0015364855053661,0.0009497945873214,clean_train_corrupt_test,
wdbc,logistic_regression,mcar,0.2,0.971914299021891,0.0129821039238,0.9943871671025292,0.0071964220238758,0.0218308325922097,0.0090217268694983,,,,combined_logreg_iterative_mcar_regime_compare_summary.csv,iterative,0.0297166910613399,0.0092783985786528,-0.0035087719298245,-0.0009926700599808,0.0019454210919089,-0.0016413181184772,clean_train_corrupt_test,
wdbc,logistic_regression,mcar,0.3,0.966651141127154,0.0199792641860203,0.9945774561234764,0.0072594104376681,0.0227118955401357,0.0087267260957688,,,,combined_logreg_iterative_mcar_regime_compare_summary.csv,iterative,0.0378057599698319,0.0116475882409011,-0.0087719298245614,-0.0008023810390334,0.0028264840398348,0.0064477507900147,clean_train_corrupt_test,
wdbc,logistic_regression,mcar,0.5,0.9508150908244062,0.0098929792783487,0.9908258118911574,0.0091011302620126,0.0332148194579971,0.0062192963163671,,,,combined_logreg_iterative_mcar_regime_compare_summary.csv,iterative,0.0464336396613962,0.0101688452833843,-0.0246079801273094,-0.0045540252713524,0.0133294079576963,0.015075630481579,clean_train_corrupt_test,
wdbc,logistic_regression,mcar,0.1,0.9701599130569788,0.0170757644740154,0.9946589311926683,0.0058372364547827,0.0212479518661676,0.0081720891676243,,,,combined_logreg_iterative_mcar_regime_compare_summary.csv,iterative,0.0347477918716046,0.0115579760632848,-0.0052631578947368,-0.0007209059698414,0.0013625403658667,0.0033897826917874,corrupt_train_corrupt_test,
wdbc,logistic_regression,mcar,0.2,0.966651141127154,0.0235173234682192,0.9921680167135458,0.0065215480931681,0.0240535170191581,0.0102202873619266,,,,combined_logreg_iterative_mcar_regime_compare_summary.csv,iterative,0.0373613111460256,0.0121412224240631,-0.0087719298245614,-0.0032118204489642,0.0041681055188572,0.0060033019662084,corrupt_train_corrupt_test,
wdbc,logistic_regression,mcar,0.3,0.966651141127154,0.0209199515735173,0.9941276860127172,0.0054924336232728,0.0232424634206927,0.0083288074108571,,,,combined_logreg_iterative_mcar_regime_compare_summary.csv,iterative,0.0335882591234694,0.0110483821906263,-0.0087719298245614,-0.0012521511497928,0.0033570519203919,0.0022302499436522,corrupt_train_corrupt_test,
wdbc,logistic_regression,mcar,0.5,0.9578326346840552,0.0226819976175057,0.9957735430671888,0.0044200579063015,0.0280540717773977,0.0067499413853165,,,,combined_logreg_iterative_mcar_regime_compare_summary.csv,iterative,0.0397505796824343,0.0122937726380323,-0.0175904362676603,0.0003937059046787,0.0081686602770968,0.0083925705026171,corrupt_train_corrupt_test,
wdbc,logistic_regression,mcar,0.1,0.9683744760130416,0.0132806448718135,0.9938593230355433,0.0076020686547237,0.0243150630334022,0.0088166768678624,,,,wdbc_logreg_mcar_indicator_compare_summary.csv,,0.0334775833970488,0.0067901585537969,-0.0070485949386741,-0.0015205141269667,0.0044296515331013,0.0021195742172316,,simple
wdbc,logistic_regression,mcar,0.2,0.9631113181183046,0.0156529471835063,0.9925444787588582,0.0066499408770146,0.0270788558396077,0.0072095511100851,,,,wdbc_logreg_mcar_indicator_compare_summary.csv,,0.0344399177568621,0.0039455945023687,-0.0123117528334109,-0.0028353584036518,0.0071934443393068,0.0030819085770449,,simple
wdbc,logistic_regression,mcar,0.3,0.9525694767893184,0.0170443626752541,0.9910802021430912,0.0049330195387969,0.0357848586717993,0.0091205002830764,,,,wdbc_logreg_mcar_indicator_compare_summary.csv,,0.0419734107971344,0.0114559321414298,-0.0228535941623971,-0.0042996350194187,0.0158994471714985,0.0106154016173172,,simple
wdbc,logistic_regression,mcar,0.5,0.9402421984163948,0.01303144554325,0.9868243050031456,0.0082185166775171,0.0434635543159504,0.0128469117465455,,,,wdbc_logreg_mcar_indicator_compare_summary.csv,,0.0550935668180003,0.0138344055211922,-0.0351808725353206,-0.0085555321593644,0.0235781428156496,0.0237355576381831,,simple
wdbc,logistic_regression,mcar,0.1,0.964896755162242,0.019588607719127,0.9908928809723112,0.0100583237688572,0.0299717925098098,0.0124980896713078,,,,wdbc_logreg_mcar_indicator_compare_summary.csv,,0.0411937948314241,0.0126274595956347,-0.0105263157894736,-0.0044869561901988,0.0100863810095089,0.0098357856516069,,simple_plus_indicators
wdbc,logistic_regression,mcar,0.2,0.9560316721006056,0.0206889537930096,0.9888125046575752,0.0101078358072915,0.0334159135395797,0.0137928607297566,,,,wdbc_logreg_mcar_indicator_compare_summary.csv,,0.0473327962011133,0.0077296259766911,-0.01939139885111,-0.0065673325049348,0.0135305020392788,0.0159747870212961,,simple_plus_indicators
wdbc,logistic_regression,mcar,0.3,0.9455364073901568,0.0156274407777236,0.9839541339336624,0.010209587799244,0.0433771841311697,0.0097763762895418,,,,wdbc_logreg_mcar_indicator_compare_summary.csv,,0.0506505702658891,0.0069321475897182,-0.0298866635615587,-0.0114257032288476,0.0234917726308689,0.0192925610860719,,simple_plus_indicators
wdbc,logistic_regression,mcar,0.5,0.9332246545567456,0.0307420580231448,0.9821977082131028,0.0105599714235836,0.0496790587851813,0.0167867712304756,,,,wdbc_logreg_mcar_indicator_compare_summary.csv,,0.0586456502286385,0.0124266780782443,-0.0421984163949697,-0.013182128949407,0.0297936472848805,0.0272876410488213,,simple_plus_indicators
wdbc,logistic_regression,mar,0.1,0.971914299021891,0.0189974183616069,0.9951193595682624,0.0059486491546563,0.0212408331936353,0.0099756321360317,,,,wdbc_logreg_mar_indicator_compare_summary.csv,,0.0345107107939027,0.0108486710342823,-0.0035087719298245,-0.0002604775942476,0.0013554216933344,0.0031527016140855,,simple
wdbc,logistic_regression,mar,0.2,0.971914299021891,0.0168509688611334,0.9935462040113204,0.006243387504384,0.0240438002537509,0.0107195858443382,,,,wdbc_logreg_mar_indicator_compare_summary.csv,,0.0386620123716736,0.0136915430327558,-0.0035087719298245,-0.0018336331511896,0.00415838875345,0.0073040031918564,,simple
wdbc,logistic_regression,mar,0.3,0.9701599130569788,0.0181674188809407,0.9937421037855036,0.0064727300947983,0.0240275025291333,0.0079909043004884,,,,wdbc_logreg_mar_indicator_compare_summary.csv,,0.0350128320275057,0.0072876548459561,-0.0052631578947368,-0.0016377333770062,0.0041420910288324,0.0036548228476885,,simple
wdbc,logistic_regression,mar,0.5,0.9613879832324173,0.0191882258914508,0.9930043005665344,0.0045583141782813,0.0281244167315805,0.0095199850668977,,,,wdbc_logreg_mar_indicator_compare_summary.csv,,0.0358527491297085,0.0081633769263981,-0.0140350877192982,-0.0023755365959754,0.0082390052312797,0.0044947399498913,,simple
wdbc,logistic_regression,mar,0.1,0.9684055270920664,0.0201725994153219,0.9946592344766272,0.0062652092071201,0.0243457719716872,0.0141023689858145,,,,wdbc_logreg_mar_indicator_compare_summary.csv,,0.036364000287066,0.0121932415410279,-0.0070175438596491,-0.0007206026858827,0.0044603604713863,0.0050059911072488,,simple_plus_indicators
wdbc,logistic_regression,mar,0.2,0.9701599130569788,0.0201742871408778,0.9940091669742832,0.0055734539482294,0.0217827438260438,0.0076099496817962,,,,wdbc_logreg_mar_indicator_compare_summary.csv,,0.0319232371317114,0.0058717157827916,-0.0052631578947368,-0.0013706701882266,0.001897332325743,0.0005652279518942,,simple_plus_indicators
wdbc,logistic_regression,mar,0.3,0.971914299021891,0.0168509688611334,0.9939395633057604,0.0060152379808385,0.0231764529947475,0.0058432815087489,,,,wdbc_logreg_mar_indicator_compare_summary.csv,,0.0370292016147422,0.0091405688145675,-0.0035087719298245,-0.0014402738567494,0.0032910414944467,0.005671192434925,,simple_plus_indicators
wdbc,logistic_regression,mar,0.5,0.9578792113025928,0.0218123194067961,0.9910282972598728,0.0058786184341898,0.0295939588217602,0.0093596613909716,,,,wdbc_logreg_mar_indicator_compare_summary.csv,,0.0392815884607074,0.0138758165073932,-0.0175438596491227,-0.0043515399026371,0.0097085473214594,0.0079235792808902,,simple_plus_indicators
wdbc,logistic_regression,mnar,0.1,0.9701443875174662,0.0132675932178397,0.9957117597921724,0.0059722826785336,0.0222039577439182,0.0079269367630861,,,,wdbc_logreg_mnar_indicator_compare_summary.csv,,0.0344825603547101,0.0122790261375843,-0.0052786834342493,0.0003319226296625,0.0023185462436174,0.0031245511748929,,simple
wdbc,logistic_regression,mnar,0.2,0.9754230709517157,0.01567220354891,0.9940708852598796,0.0066368784880348,0.0225787297575027,0.011174225335873,,,,wdbc_logreg_mnar_indicator_compare_summary.csv,,0.0356454916739535,0.0087351348396696,0.0,-0.0013089519026302,0.0026933182572018,0.0042874824941363,,simple
wdbc,logistic_regression,mnar,0.3,0.9684055270920664,0.0170737704652634,0.9932742016266418,0.0069995561525163,0.0237726697981462,0.0087431290993096,,,,wdbc_logreg_mnar_indicator_compare_summary.csv,,0.0325135706043854,0.0124349353758243,-0.0070175438596491,-0.002105635535868,0.0038872582978453,0.0011555614245682,,simple
wdbc,logistic_regression,mnar,0.5,0.9631423691973297,0.0168408633745767,0.992941629102782,0.0060856432600122,0.0251067112015549,0.0101659946777612,,,,wdbc_logreg_mnar_indicator_compare_summary.csv,,0.0357009518586809,0.016449415925415,-0.0122807017543859,-0.0024382080597278,0.0052212997012541,0.0043429426788636,,simple
wdbc,logistic_regression,mnar,0.1,0.971914299021891,0.0156678580263983,0.9955095993705558,0.0064636185568765,0.0211092008723264,0.0070984140288922,,,,wdbc_logreg_mnar_indicator_compare_summary.csv,,0.0378527351520457,0.0124783312420823,-0.0035087719298245,0.0001297622080458,0.0012237893720255,0.0064947259722285,,simple_plus_indicators
wdbc,logistic_regression,mnar,0.2,0.971914299021891,0.0143877864423913,0.9947902314836478,0.0064614161106253,0.021709608005691,0.0088903571747422,,,,wdbc_logreg_mnar_indicator_compare_summary.csv,,0.0346814090584713,0.0079494620097088,-0.0035087719298245,-0.0005896056788621,0.0018241965053901,0.0033233998786541,,simple_plus_indicators
wdbc,logistic_regression,mnar,0.3,0.9754230709517157,0.0114104265830827,0.99478964657887,0.0053158015522878,0.0202175619248128,0.0056865517336761,,,,wdbc_logreg_mnar_indicator_compare_summary.csv,,0.0285123280963675,0.00761388038671,0.0,-0.0005901905836396,0.000332150424512,-0.0028456810834496,,simple_plus_indicators
wdbc,logistic_regression,mnar,0.5,0.977177456916628,0.0117456632236826,0.9951275049088676,0.0055601167415848,0.0208056502831743,0.0106119830509681,,,,wdbc_logreg_mnar_indicator_compare_summary.csv,,0.033281004522951,0.011068010406818,0.0017543859649122,-0.0002523322536424,0.0009202387828734,0.0019229953431338,,simple_plus_indicators
wdbc,logistic_regression,mar,0.1,0.971914299021891,0.0189974183616069,0.9951193595682624,0.0059486491546563,0.0212408331936353,0.0099756321360317,,,,wdbc_logreg_indicator_compare_combined_summary.csv,,0.0345107107939027,0.0108486710342823,-0.0035087719298245,-0.0002604775942476,0.0013554216933344,0.0031527016140855,,simple
wdbc,logistic_regression,mar,0.2,0.971914299021891,0.0168509688611334,0.9935462040113204,0.006243387504384,0.0240438002537509,0.0107195858443382,,,,wdbc_logreg_indicator_compare_combined_summary.csv,,0.0386620123716736,0.0136915430327558,-0.0035087719298245,-0.0018336331511896,0.00415838875345,0.0073040031918564,,simple
wdbc,logistic_regression,mar,0.3,0.9701599130569788,0.0181674188809407,0.9937421037855036,0.0064727300947983,0.0240275025291333,0.0079909043004884,,,,wdbc_logreg_indicator_compare_combined_summary.csv,,0.0350128320275057,0.0072876548459561,-0.0052631578947368,-0.0016377333770062,0.0041420910288324,0.0036548228476885,,simple
wdbc,logistic_regression,mar,0.5,0.9613879832324173,0.0191882258914508,0.9930043005665344,0.0045583141782813,0.0281244167315805,0.0095199850668977,,,,wdbc_logreg_indicator_compare_combined_summary.csv,,0.0358527491297085,0.0081633769263981,-0.0140350877192982,-0.0023755365959754,0.0082390052312797,0.0044947399498913,,simple
wdbc,logistic_regression,mar,0.1,0.9684055270920664,0.0201725994153219,0.9946592344766272,0.0062652092071201,0.0243457719716872,0.0141023689858145,,,,wdbc_logreg_indicator_compare_combined_summary.csv,,0.036364000287066,0.0121932415410279,-0.0070175438596491,-0.0007206026858827,0.0044603604713863,0.0050059911072488,,simple_plus_indicators
wdbc,logistic_regression,mar,0.2,0.9701599130569788,0.0201742871408778,0.9940091669742832,0.0055734539482294,0.0217827438260438,0.0076099496817962,,,,wdbc_logreg_indicator_compare_combined_summary.csv,,0.0319232371317114,0.0058717157827916,-0.0052631578947368,-0.0013706701882266,0.001897332325743,0.0005652279518942,,simple_plus_indicators
wdbc,logistic_regression,mar,0.3,0.971914299021891,0.0168509688611334,0.9939395633057604,0.0060152379808385,0.0231764529947475,0.0058432815087489,,,,wdbc_logreg_indicator_compare_combined_summary.csv,,0.0370292016147422,0.0091405688145675,-0.0035087719298245,-0.0014402738567494,0.0032910414944467,0.005671192434925,,simple_plus_indicators
wdbc,logistic_regression,mar,0.5,0.9578792113025928,0.0218123194067961,0.9910282972598728,0.0058786184341898,0.0295939588217602,0.0093596613909716,,,,wdbc_logreg_indicator_compare_combined_summary.csv,,0.0392815884607074,0.0138758165073932,-0.0175438596491227,-0.0043515399026371,0.0097085473214594,0.0079235792808902,,simple_plus_indicators
wdbc,logistic_regression,mcar,0.1,0.9683744760130416,0.0132806448718135,0.9938593230355433,0.0076020686547237,0.0243150630334022,0.0088166768678624,,,,wdbc_logreg_indicator_compare_combined_summary.csv,,0.0334775833970488,0.0067901585537969,-0.0070485949386741,-0.0015205141269667,0.0044296515331013,0.0021195742172316,,simple
wdbc,logistic_regression,mcar,0.2,0.9631113181183046,0.0156529471835063,0.9925444787588582,0.0066499408770146,0.0270788558396077,0.0072095511100851,,,,wdbc_logreg_indicator_compare_combined_summary.csv,,0.0344399177568621,0.0039455945023687,-0.0123117528334109,-0.0028353584036518,0.0071934443393068,0.0030819085770449,,simple
wdbc,logistic_regression,mcar,0.3,0.9525694767893184,0.0170443626752541,0.9910802021430912,0.0049330195387969,0.0357848586717993,0.0091205002830764,,,,wdbc_logreg_indicator_compare_combined_summary.csv,,0.0419734107971344,0.0114559321414298,-0.0228535941623971,-0.0042996350194187,0.0158994471714985,0.0106154016173172,,simple
wdbc,logistic_regression,mcar,0.5,0.9402421984163948,0.01303144554325,0.9868243050031456,0.0082185166775171,0.0434635543159504,0.0128469117465455,,,,wdbc_logreg_indicator_compare_combined_summary.csv,,0.0550935668180003,0.0138344055211922,-0.0351808725353206,-0.0085555321593644,0.0235781428156496,0.0237355576381831,,simple
wdbc,logistic_regression,mcar,0.1,0.964896755162242,0.019588607719127,0.9908928809723112,0.0100583237688572,0.0299717925098098,0.0124980896713078,,,,wdbc_logreg_indicator_compare_combined_summary.csv,,0.0411937948314241,0.0126274595956347,-0.0105263157894736,-0.0044869561901988,0.0100863810095089,0.0098357856516069,,simple_plus_indicators
wdbc,logistic_regression,mcar,0.2,0.9560316721006056,0.0206889537930096,0.9888125046575752,0.0101078358072915,0.0334159135395797,0.0137928607297566,,,,wdbc_logreg_indicator_compare_combined_summary.csv,,0.0473327962011133,0.0077296259766911,-0.01939139885111,-0.0065673325049348,0.0135305020392788,0.0159747870212961,,simple_plus_indicators
wdbc,logistic_regression,mcar,0.3,0.9455364073901568,0.0156274407777236,0.9839541339336624,0.010209587799244,0.0433771841311697,0.0097763762895418,,,,wdbc_logreg_indicator_compare_combined_summary.csv,,0.0506505702658891,0.0069321475897182,-0.0298866635615587,-0.0114257032288476,0.0234917726308689,0.0192925610860719,,simple_plus_indicators
wdbc,logistic_regression,mcar,0.5,0.9332246545567456,0.0307420580231448,0.9821977082131028,0.0105599714235836,0.0496790587851813,0.0167867712304756,,,,wdbc_logreg_indicator_compare_combined_summary.csv,,0.0586456502286385,0.0124266780782443,-0.0421984163949697,-0.013182128949407,0.0297936472848805,0.0272876410488213,,simple_plus_indicators
wdbc,logistic_regression,mnar,0.1,0.9701443875174662,0.0132675932178397,0.9957117597921724,0.0059722826785336,0.0222039577439182,0.0079269367630861,,,,wdbc_logreg_indicator_compare_combined_summary.csv,,0.0344825603547101,0.0122790261375843,-0.0052786834342493,0.0003319226296625,0.0023185462436174,0.0031245511748929,,simple
wdbc,logistic_regression,mnar,0.2,0.9754230709517157,0.01567220354891,0.9940708852598796,0.0066368784880348,0.0225787297575027,0.011174225335873,,,,wdbc_logreg_indicator_compare_combined_summary.csv,,0.0356454916739535,0.0087351348396696,0.0,-0.0013089519026302,0.0026933182572018,0.0042874824941363,,simple
wdbc,logistic_regression,mnar,0.3,0.9684055270920664,0.0170737704652634,0.9932742016266418,0.0069995561525163,0.0237726697981462,0.0087431290993096,,,,wdbc_logreg_indicator_compare_combined_summary.csv,,0.0325135706043854,0.0124349353758243,-0.0070175438596491,-0.002105635535868,0.0038872582978453,0.0011555614245682,,simple
wdbc,logistic_regression,mnar,0.5,0.9631423691973297,0.0168408633745767,0.992941629102782,0.0060856432600122,0.0251067112015549,0.0101659946777612,,,,wdbc_logreg_indicator_compare_combined_summary.csv,,0.0357009518586809,0.016449415925415,-0.0122807017543859,-0.0024382080597278,0.0052212997012541,0.0043429426788636,,simple
wdbc,logistic_regression,mnar,0.1,0.971914299021891,0.0156678580263983,0.9955095993705558,0.0064636185568765,0.0211092008723264,0.0070984140288922,,,,wdbc_logreg_indicator_compare_combined_summary.csv,,0.0378527351520457,0.0124783312420823,-0.0035087719298245,0.0001297622080458,0.0012237893720255,0.0064947259722285,,simple_plus_indicators
wdbc,logistic_regression,mnar,0.2,0.971914299021891,0.0143877864423913,0.9947902314836478,0.0064614161106253,0.021709608005691,0.0088903571747422,,,,wdbc_logreg_indicator_compare_combined_summary.csv,,0.0346814090584713,0.0079494620097088,-0.0035087719298245,-0.0005896056788621,0.0018241965053901,0.0033233998786541,,simple_plus_indicators
wdbc,logistic_regression,mnar,0.3,0.9754230709517157,0.0114104265830827,0.99478964657887,0.0053158015522878,0.0202175619248128,0.0056865517336761,,,,wdbc_logreg_indicator_compare_combined_summary.csv,,0.0285123280963675,0.00761388038671,0.0,-0.0005901905836396,0.000332150424512,-0.0028456810834496,,simple_plus_indicators
wdbc,logistic_regression,mnar,0.5,0.977177456916628,0.0117456632236826,0.9951275049088676,0.0055601167415848,0.0208056502831743,0.0106119830509681,,,,wdbc_logreg_indicator_compare_combined_summary.csv,,0.033281004522951,0.011068010406818,0.0017543859649122,-0.0002523322536424,0.0009202387828734,0.0019229953431338,,simple_plus_indicators
